<?xml version="1.0" encoding="UTF-8"?>
<redaction>
    <initialisation>
        <utilisateur>
            <nom>393-39317</nom>
            <prenom>39317</prenom>
            <courriel>39317-adminORME@atexo-modif.com</courriel>
            <identifiantExterne>adminORME</identifiantExterne>
            <habilitations>
                <habilitation>ROLE_RedactionDocumentsREDAC</habilitation>
                <habilitation>ROLE_ValidationDocumentsREDAC</habilitation>
                <habilitation>ROLE_clause</habilitation>
                <habilitation>ROLE_canevas</habilitation>
                <habilitation>ROLE_validerClauses</habilitation>
                <habilitation>ROLE_validerCanevas</habilitation>
                <habilitation>ROLE_validerClausesEditeur</habilitation>
                <habilitation>ROLE_validerCanevasEditeur</habilitation>
                <habilitation>ROLE_administrerClausesEditeur</habilitation>
                <habilitation>ROLE_administrerCanevasEditeur</habilitation>
                <habilitation>ROLE_editerFormatODT</habilitation>
                <habilitation>ROLE_publierClausierEditeur</habilitation>
                <habilitation>ROLE_direction_service</habilitation>
                <habilitation>ROLE_integralement_article</habilitation>
                <habilitation>ROLE_gabaritInterministeriel</habilitation>
                <habilitation>ROLE_gabaritMinisteriel</habilitation>
                <habilitation>ROLE_gabaritDirection</habilitation>
                <habilitation>ROLE_activerVersionClausier</habilitation>
                <habilitation>ROLE_document</habilitation>
            </habilitations>
            <configuration>
                <plateformeEditeur>true</plateformeEditeur>
            </configuration>
        </utilisateur>
        <consultation>
            <lieuExecution>NAN</lieuExecution>
            <lieuExecutions>
                <lieuExecution>FR-45</lieuExecution>
            </lieuExecutions>
            <referenceExterne>cG1pLW1pbi0xIzM5MjAyNA==</referenceExterne>
            <numeroConsultation>MTR_001</numeroConsultation>
            <intitule>MTR_001</intitule>
            <objet>MTR_001</objet>
            <typeContrat>
                <id>1</id>
                <libelle>Marché public</libelle>
                <abreviation>MA</abreviation>
            </typeContrat>
            <typeProcedure>AOO</typeProcedure>
            <dateRemisePlis>2018-08-24T17:30:00+02:00</dateRemisePlis>
            <dateMiseLigne>2018-08-21T22:07:00+02:00</dateMiseLigne>
            <reponseElectronique>OBLIGATOIRE</reponseElectronique>
            <signatureELectronique>0</signatureELectronique>
            <chiffrementPlis>1</chiffrementPlis>
            <enveloppeUnique>NAN</enveloppeUnique>
            <naturePrestation>T</naturePrestation>
            <pouvoirAdjudicateur>pmi-min-1</pouvoirAdjudicateur>
            <statut>1</statut>
            <article>1</article>
            <directionService>2179</directionService>
            <transverse>0</transverse>
            <compatibleEntiteAdjudicatrice>0</compatibleEntiteAdjudicatrice>
            <mps>false</mps>
            <listeCodeCPV>
                <cpv>
                    <codeCPV>45000000</codeCPV>
                    <libelleCPV>Travaux de construction.</libelleCPV>
                </cpv>
            </listeCodeCPV>
            <nombreCandidats />
            <pairesType>
                <paireType>
                    <cle>DELAI_PARTIEL</cle>
                    <valeur>Non</valeur>
                </paireType>
                <paireType>
                    <cle>ADR_RETRAIT</cle>
                    <valeur />
                </paireType>
                <paireType>
                    <cle>ADR_DEPOT</cle>
                    <valeur />
                </paireType>
                <paireType>
                    <cle>LIEU_OUV</cle>
                    <valeur />
                </paireType>
                <paireType>
                    <cle>PRIX_ ACQUISITION</cle>
                    <valeur />
                </paireType>
                <paireType>
                    <cle>PRIX_ACQUISITION_ON</cle>
                    <valeur>Non</valeur>
                </paireType>
                <paireType>
                    <cle>MODE_PASSATION</cle>
                    <valeur />
                </paireType>
                <paireType>
                    <cle>MODE_PASSATION_ON</cle>
                    <valeur>Non</valeur>
                </paireType>
                <paireType>
                    <cle>CANDIDATURE</cle>
                    <valeur>Non</valeur>
                </paireType>
                <paireType>
                    <cle>OFFRE_TECHNIQUE</cle>
                    <valeur>Non</valeur>
                </paireType>
                <paireType>
                    <cle>OFFRE_TECHNIQUE_ALLOTI_OUI</cle>
                    <valeur>Non</valeur>
                </paireType>
                <paireType>
                    <cle>OFFRE_TECHNIQUE_ALLOTI_NON</cle>
                    <valeur>Non</valeur>
                </paireType>
                <paireType>
                    <cle>OFFRE_TECHNIQUE_DOSSIER_ADDITF_OUI</cle>
                    <valeur>Non</valeur>
                </paireType>
                <paireType>
                    <cle>OFFRE_TECH_PAS_DOSSIER_ADDITF</cle>
                    <valeur>Non</valeur>
                </paireType>
                <paireType>
                    <cle>OFFRE_FINANCIERE</cle>
                    <valeur>Oui</valeur>
                </paireType>
                <paireType>
                    <cle>DOSSIER_ADDITIF</cle>
                    <valeur>Non</valeur>
                </paireType>
                <paireType>
                    <cle>OFFRE_FINANCIERE_ALLOTI_OUI</cle>
                    <valeur>Oui</valeur>
                </paireType>
                <paireType>
                    <cle>OFFRE_FINANCIERE_ALLOTI_NON</cle>
                    <valeur>Non</valeur>
                </paireType>
                <paireType>
                    <cle>TYPE_MARCHE</cle>
                    <valeur>Marché</valeur>
                </paireType>
                <paireType>
                    <cle>TYPE_MARCHE_ON</cle>
                    <valeur>Oui</valeur>
                </paireType>
                <paireType>
                    <cle>TYPE_MARCHE_CADRE_OU_RECONDUCTIBLE_ON</cle>
                    <valeur>Non</valeur>
                </paireType>
                <paireType>
                    <cle>DELAI_PARTIEL_ET_TYPE_MARCHE_CADRE_OU_RECONDUCTIBLE_ON</cle>
                    <valeur>Non</valeur>
                </paireType>
                <paireType>
                    <cle>TYPE_MARCHE_CADRE_ON</cle>
                    <valeur>Non</valeur>
                </paireType>
                <paireType>
                    <cle>TYPE_MARCHE_RECONDUCTIBLE_ON</cle>
                    <valeur>Non</valeur>
                </paireType>
                <paireType>
                    <cle>PRESTATION</cle>
                    <valeur />
                </paireType>
                <paireType>
                    <cle>PRESTATION_ON</cle>
                    <valeur>Non</valeur>
                </paireType>
                <paireType>
                    <cle>NOMBRE_PLI</cle>
                    <valeur>1</valeur>
                </paireType>
                <paireType>
                    <cle>NOMBRE_LOT</cle>
                    <valeur>2</valeur>
                </paireType>
            </pairesType>
            <pairesTypeComplexe />
            <lots>
                <lot>
                    <description>Lot 1</description>
                    <intitule>Lot 1</intitule>
                    <numeroLot>1</numeroLot>
                    <naturePrestation>T</naturePrestation>
                    <pairesType>
                        <paireType>
                            <cle>CAUTION</cle>
                            <valeur />
                        </paireType>
                        <paireType>
                            <cle>CAUTION_ON</cle>
                            <valeur>Non</valeur>
                        </paireType>
                        <paireType>
                            <cle>VARIANTE</cle>
                            <valeur>Non</valeur>
                        </paireType>
                        <paireType>
                            <cle>CHOIX_ECHANT</cle>
                            <valeur>Non</valeur>
                        </paireType>
                        <paireType>
                            <cle>ADR_ECHANT</cle>
                            <valeur />
                        </paireType>
                        <paireType>
                            <cle>DATE_ECHANT</cle>
                            <valeur />
                        </paireType>
                        <paireType>
                            <cle>CHOIX_REUNION</cle>
                            <valeur>Non</valeur>
                        </paireType>
                        <paireType>
                            <cle>ADR_REUNION</cle>
                            <valeur />
                        </paireType>
                        <paireType>
                            <cle>DATE_REUNION</cle>
                            <valeur />
                        </paireType>
                        <paireType>
                            <cle>CHOIX_VISITE</cle>
                            <valeur>Non</valeur>
                        </paireType>
                        <paireType>
                            <cle>AGREMENT_ON</cle>
                            <valeur>Non</valeur>
                        </paireType>
                        <paireType>
                            <cle>QUALIFICATION_ON</cle>
                            <valeur>Non</valeur>
                        </paireType>
                    </pairesType>
                    <pairesTypeComplexe />
                    <listeCodeCPV>
                        <cpv>
                            <codeCPV>45000000</codeCPV>
                            <libelleCPV>Travaux de construction.</libelleCPV>
                        </cpv>
                    </listeCodeCPV>
                    <informationsComplementaires>
                        <structuresSocialeReserves />
                        <varianteAutorisee />
                        <variantesExigees />
                        <variantesTechniquesObligatoires />
                    </informationsComplementaires>
                    <dureeMarche />
                </lot>
                <lot>
                    <description>Lot 2</description>
                    <intitule>Lot 2</intitule>
                    <numeroLot>2</numeroLot>
                    <naturePrestation>T</naturePrestation>
                    <pairesType>
                        <paireType>
                            <cle>CAUTION</cle>
                            <valeur />
                        </paireType>
                        <paireType>
                            <cle>CAUTION_ON</cle>
                            <valeur>Non</valeur>
                        </paireType>
                        <paireType>
                            <cle>VARIANTE</cle>
                            <valeur>Non</valeur>
                        </paireType>
                        <paireType>
                            <cle>CHOIX_ECHANT</cle>
                            <valeur>Non</valeur>
                        </paireType>
                        <paireType>
                            <cle>ADR_ECHANT</cle>
                            <valeur />
                        </paireType>
                        <paireType>
                            <cle>DATE_ECHANT</cle>
                            <valeur />
                        </paireType>
                        <paireType>
                            <cle>CHOIX_REUNION</cle>
                            <valeur>Non</valeur>
                        </paireType>
                        <paireType>
                            <cle>ADR_REUNION</cle>
                            <valeur />
                        </paireType>
                        <paireType>
                            <cle>DATE_REUNION</cle>
                            <valeur />
                        </paireType>
                        <paireType>
                            <cle>CHOIX_VISITE</cle>
                            <valeur>Non</valeur>
                        </paireType>
                        <paireType>
                            <cle>AGREMENT_ON</cle>
                            <valeur>Non</valeur>
                        </paireType>
                        <paireType>
                            <cle>QUALIFICATION_ON</cle>
                            <valeur>Non</valeur>
                        </paireType>
                    </pairesType>
                    <pairesTypeComplexe />
                    <listeCodeCPV>
                        <cpv>
                            <codeCPV>45000000</codeCPV>
                            <libelleCPV>Travaux de construction.</libelleCPV>
                        </cpv>
                    </listeCodeCPV>
                    <informationsComplementaires>
                        <structuresSocialeReserves>
                            <structureSocialeReserve>ESAT_EA</structureSocialeReserve>
                            <structureSocialeReserve>SIAE</structureSocialeReserve>
                            <structureSocialeReserve>EESS</structureSocialeReserve>
                        </structuresSocialeReserves>
                        <ccag>CCAG-CAC</ccag>
                        <varianteAutorisee />
                        <variantesExigees />
                        <variantesTechniquesObligatoires />
                        <formeDePrix>
                            <formeDePrixForfaitaire>
                                <estimationInterneHT>0.00</estimationInterneHT>
                                <estimationInterneTTC>0.00</estimationInterneTTC>
                                <dateDeValeur>08/2018</dateDeValeur>
                                <variationsPrix>
                                    <variationsPrix>PRIX_REVISABLES</variationsPrix>
                                </variationsPrix>
                            </formeDePrixForfaitaire>
                        </formeDePrix>
                    </informationsComplementaires>
                    <clausesEnvironnementales>
                        <specificationTechnique>true</specificationTechnique>
                        <conditionExecution>true</conditionExecution>
                        <critereAttribution>true</critereAttribution>
                    </clausesEnvironnementales>
                    <clausesSociales>
                        <nombreHeure>1</nombreHeure>
                        <pourcentage>1</pourcentage>
                        <marcheReserve>false</marcheReserve>
                        <conditionExecution>true</conditionExecution>
                        <critereAttribution>true</critereAttribution>
                        <marchePublicClauseSocialeConditionExecution>
                            <value>insertionActiviteEconomique</value>
                            <value>clauseSocialeFormationScolaire</value>
                        </marchePublicClauseSocialeConditionExecution>
                        <marchPublicClauseSocialeSpecificationTechnique>
                            <value>lutteContreDiscriminations</value>
                            <value>commerceEquitable</value>
                        </marchPublicClauseSocialeSpecificationTechnique>
                        <marchePublicCritèreSocialCritereAttribution>
                            <value>achatsEthiquesTracabiliteSociale</value>
                            <value>autreClauseSociale</value>
                        </marchePublicCritèreSocialCritereAttribution>
                        <marcheReserveADes entreprisesAdapteesEtablissementsServicesAide="true"/>
                        <marchePublicObjetEstInsertion>true</marchePublicObjetEstInsertion>
                    </clausesSociales>
                    <dureeMarche />
                </lot>
            </lots>
            <dureeMarche />
        </consultation>
    </initialisation>
</redaction>
